timestamp,value,Games,Wins
2025-09-14T00:00:00.000Z,Twos_Gold_Style_Rintaro,62184,35638
2025-09-14T00:00:00.000Z,Twos_Bronze_Style_TimeskipTobio2,42204,19611
2025-09-14T00:00:00.000Z,Twos_Bronze_Ability_SteelBlock,61326,25619
2025-09-14T00:00:00.000Z,Twos_Gold_Ability_DivineStrength,5018,2884
2025-09-14T00:00:00.000Z,Twos_Bronze_Style_Rintaro,63744,30795
2025-09-14T00:00:00.000Z,Twos_Diamond_Ability_RedirectionJump,8755,4994
2025-09-14T00:00:00.000Z,Twos_Bronze_Ability_BoomJump,41974,17555
2025-09-14T00:00:00.000Z,Twos_Diamond_Style_TimeskipTobio2,12275,6675
2025-09-14T00:00:00.000Z,Twos_Silver_Ability_ZeroGravitySet,41303,25689
2025-09-14T00:00:00.000Z,Twos_Silver_Ability_BoomJump,52884,32337
2025-09-14T00:00:00.000Z,Twos_Silver_Style_TimeskipTobio2,76472,45154
2025-09-14T00:00:00.000Z,Twos_Silver_Style_Jester,42582,25003
2025-09-14T00:00:00.000Z,Twos_Silver_Style_Kimiro,19880,11543
2025-09-14T00:00:00.000Z,Twos_Bronze_Style_Wakatoshi,23095,8328
2025-09-14T00:00:00.000Z,Twos_Silver_Ability_FourthTouch,23925,14195
2025-09-14T00:00:00.000Z,Twos_Silver_Style_Wakatoshi,14968,9680
2025-09-14T00:00:00.000Z,Twos_Bronze_Ability_Moonball,35514,14228
2025-09-14T00:00:00.000Z,Twos_Pro_Ability_ShieldBreaker,6309,3880
2025-09-14T00:00:00.000Z,Twos_Pro_Style_Jester,747,472
2025-09-14T00:00:00.000Z,Twos_Pro_Ability_RedirectionJump,5006,3085
2025-09-14T00:00:00.000Z,Twos_Pro_Style_TimeskipShoyo2,7449,4623
2025-09-14T00:00:00.000Z,Twos_Pro_Style_Rintaro,8129,4802
2025-09-14T00:00:00.000Z,Threes_Bronze_Style_Rintaro,20304,7868
2025-09-14T00:00:00.000Z,Threes_Silver_Style_Mikage,3017,2137
2025-09-14T00:00:00.000Z,Threes_Bronze_Style_Twin1,774,305
2025-09-14T00:00:00.000Z,Threes_Silver_Ability_ZeroGravitySet,8956,6087
2025-09-14T00:00:00.000Z,Threes_Silver_Style_Yogan,6134,4006
2025-09-14T00:00:00.000Z,Threes_Silver_Ability_ShieldBreaker,22244,14714
2025-09-14T00:00:00.000Z,Threes_Silver_Ability_MagneticPull,18071,11622
2025-09-14T00:00:00.000Z,Threes_Bronze_Ability_ShieldBreaker,10199,4117
2025-09-14T00:00:00.000Z,Threes_Silver_Style_Rintaro,30364,19866
2025-09-14T00:00:00.000Z,Threes_Bronze_Ability_DivineStrength,4305,1452
2025-09-14T00:00:00.000Z,Twos_Gold_Ability_Moonball,8123,4639
2025-09-14T00:00:00.000Z,Twos_Silver_Ability_SteelBlock,69733,43347
2025-09-14T00:00:00.000Z,Twos_Silver_Style_Yogan,24532,15007
2025-09-14T00:00:00.000Z,Twos_Silver_Style_Twin1,6074,3842
2025-09-14T00:00:00.000Z,Twos_Silver_Ability_CurveSpike,36687,22037
2025-09-14T00:00:00.000Z,Twos_Silver_Style_TimeskipToru,2256,1528
2025-09-14T00:00:00.000Z,Twos_Gold_Style_Jester,15546,8635
2025-09-14T00:00:00.000Z,Twos_Diamond_Ability_ShieldBreaker,21382,12254
2025-09-14T00:00:00.000Z,Twos_Diamond_Style_Mikage,1745,1057
2025-09-14T00:00:00.000Z,Twos_Diamond_Ability_Moonball,1576,903
2025-09-14T00:00:00.000Z,Twos_Diamond_Style_Rintaro,25236,14234
2025-09-14T00:00:00.000Z,Twos_Diamond_Style_TimeskipToru,1189,757
2025-09-14T00:00:00.000Z,Twos_Silver_Style_TimeskipShoyo2,49577,29745
2025-09-14T00:00:00.000Z,Twos_Silver_Style_TimeskipShoyo,2161,1428
2025-09-14T00:00:00.000Z,Twos_Silver_Ability_ShieldBreaker,66772,40518
2025-09-14T00:00:00.000Z,Twos_Silver_Ability_DivineStrength,17712,10841
2025-09-14T00:00:00.000Z,Twos_Silver_Style_Kazana,4892,2998
2025-09-14T00:00:00.000Z,Twos_Bronze_Ability_ZeroGravitySet,47392,18423
2025-09-14T00:00:00.000Z,Twos_Silver_Style_Rintaro,117739,71295
2025-09-14T00:00:00.000Z,Twos_Bronze_Style_Tetsuro,8913,2882
2025-09-14T00:00:00.000Z,Twos_Gold_Style_TimeskipShoyo2,35101,20243
2025-09-14T00:00:00.000Z,Twos_Gold_Ability_MagneticPull,39647,22371
2025-09-14T00:00:00.000Z,Twos_Gold_Style_Yogan,8364,4612
2025-09-14T00:00:00.000Z,Twos_Gold_Ability_ShieldBreaker,46180,26676
2025-09-14T00:00:00.000Z,Twos_Gold_Style_TimeskipTobio2,36335,19943
2025-09-14T00:00:00.000Z,Twos_Gold_Ability_BoomJump,19411,11181
2025-09-14T00:00:00.000Z,Twos_Silver_Ability_Moonball,34266,21237
2025-09-14T00:00:00.000Z,Twos_Silver_Ability_RedirectionJump,29615,18054
2025-09-14T00:00:00.000Z,Twos_Gold_Ability_SteelBlock,21280,12459
2025-09-14T00:00:00.000Z,Twos_Gold_Style_Tetsuro,373,244
2025-09-14T00:00:00.000Z,Twos_Diamond_Ability_MagneticPull,19555,11141
2025-09-14T00:00:00.000Z,Twos_Diamond_Ability_FourthTouch,4735,2634
2025-09-14T00:00:00.000Z,Twos_Diamond_Style_Yogan,2161,1102
2025-09-14T00:00:00.000Z,Twos_Bronze_Style_Yogan,16560,7236
2025-09-14T00:00:00.000Z,Twos_Bronze_Style_Kotaru,27879,11547
2025-09-14T00:00:00.000Z,Twos_Bronze_Style_Ohira,2930,840
2025-09-14T00:00:00.000Z,Twos_Bronze_Ability_MagneticPull,23728,11438
2025-09-14T00:00:00.000Z,Twos_Bronze_Style_Kimiro,17712,7157
2025-09-14T00:00:00.000Z,Twos_Bronze_Style_Tobio,19815,7756
2025-09-14T00:00:00.000Z,Twos_Gold_Style_Twin2,3491,2094
2025-09-14T00:00:00.000Z,Twos_Bronze_Style_Kenma,3920,1093
2025-09-14T00:00:00.000Z,Twos_Bronze_Ability_FourthTouch,11346,5326
2025-09-14T00:00:00.000Z,Twos_Bronze_Style_Kei,3564,1006
2025-09-14T00:00:00.000Z,Twos_Bronze_Ability_CurveSpike,26590,11148
2025-09-14T00:00:00.000Z,Twos_Bronze_Ability_SuperSprint,15146,5724
2025-09-14T00:00:00.000Z,Twos_Bronze_Style_Jester,25129,12168
2025-09-14T00:00:00.000Z,Twos_Bronze_Ability_RedirectionJump,17620,7642
2025-09-14T00:00:00.000Z,Twos_Silver_Ability_SuperSprint,17644,10706
2025-09-14T00:00:00.000Z,Twos_Silver_Ability_MagneticPull,58426,34625
2025-09-14T00:00:00.000Z,Threes_Silver_Ability_BoomJump,13333,8924
2025-09-14T00:00:00.000Z,Threes_Silver_Ability_CurveSpike,9373,6214
2025-09-14T00:00:00.000Z,Threes_Bronze_Style_TimeskipShoyo2,7176,3046
2025-09-14T00:00:00.000Z,Threes_Silver_Style_TimeskipTobio2,22872,14683
2025-09-14T00:00:00.000Z,Threes_Bronze_Ability_ZeroGravitySet,11657,3400
2025-09-14T00:00:00.000Z,Twos_Bronze_Style_Hajime,2377,662
2025-09-14T00:00:00.000Z,Twos_Silver_Style_Morisuke,2915,1928
2025-09-14T00:00:00.000Z,Twos_Bronze_Style_TimeskipShoyo2,17946,9207
2025-09-14T00:00:00.000Z,Twos_Bronze_Ability_TeamSpirit,10632,3875
2025-09-14T00:00:00.000Z,Twos_Bronze_Style_TimeskipTobio,1139,525
2025-09-14T00:00:00.000Z,Twos_Silver_Style_Kotaru,26008,16477
2025-09-14T00:00:00.000Z,Twos_Bronze_Ability_ShieldBreaker,25060,12168
2025-09-14T00:00:00.000Z,Twos_Silver_Style_Tobio,18215,10997
2025-09-14T00:00:00.000Z,Twos_Bronze_Style_Toru,13600,5124
2025-09-14T00:00:00.000Z,Twos_Silver_Style_Asahi,4704,3194
2025-09-14T00:00:00.000Z,Threes_Silver_Ability_SteelBlock,17764,11926
2025-09-14T00:00:00.000Z,Threes_Bronze_Style_Wakatoshi,4913,1208
2025-09-14T00:00:00.000Z,Threes_Bronze_Ability_MagneticPull,8821,3574
2025-09-14T00:00:00.000Z,Threes_Bronze_Ability_SteelBlock,17504,5794
2025-09-14T00:00:00.000Z,Threes_Bronze_Style_Kotaru,7127,2167
2025-09-14T00:00:00.000Z,Threes_Bronze_Style_Kimiro,5649,1834
2025-09-14T00:00:00.000Z,Twos_Silver_Style_Ohira,1323,935
2025-09-14T00:00:00.000Z,Threes_Bronze_Ability_BoomJump,11604,3898
2025-09-14T00:00:00.000Z,Threes_Silver_Ability_FourthTouch,7693,4868
2025-09-14T00:00:00.000Z,Threes_Bronze_Style_TimeskipTobio2,14730,5813
2025-09-14T00:00:00.000Z,Threes_Silver_Style_Kimiro,5244,3404
2025-09-14T00:00:00.000Z,Threes_Bronze_Ability_CurveSpike,7338,2430
2025-09-14T00:00:00.000Z,Threes_Bronze_Style_Jester,7947,3178
2025-09-14T00:00:00.000Z,Twos_Gold_Style_Twin1,4471,2689
2025-09-14T00:00:00.000Z,Twos_Gold_Style_Kotaru,4813,2961
2025-09-14T00:00:00.000Z,Twos_Gold_Ability_TeamSpirit,2406,1372
2025-09-14T00:00:00.000Z,Threes_Silver_Style_Lev,111,89
2025-09-14T00:00:00.000Z,Threes_Bronze_Ability_Moonball,9225,2906
2025-09-14T00:00:00.000Z,Threes_Bronze_Style_Tetsuro,1910,430
2025-09-14T00:00:00.000Z,Twos_Bronze_Style_Mikage,2022,1007
2025-09-14T00:00:00.000Z,Twos_Gold_Ability_SuperSprint,7125,4036
2025-09-14T00:00:00.000Z,Twos_Silver_Style_Toru,11118,6924
2025-09-14T00:00:00.000Z,Twos_Bronze_Ability_DivineStrength,14740,6224
2025-09-14T00:00:00.000Z,Twos_Gold_Ability_FourthTouch,13241,7331
2025-09-14T00:00:00.000Z,Twos_Gold_Ability_CurveSpike,12091,6753
2025-09-14T00:00:00.000Z,Twos_Gold_Ability_RedirectionJump,17458,10081
2025-09-14T00:00:00.000Z,Twos_Gold_Style_Kazana,3087,1760
2025-09-14T00:00:00.000Z,Threes_Pro_Ability_RedirectionJump,551,397
2025-09-14T00:00:00.000Z,Threes_Gold_Ability_FourthTouch,2287,1343
2025-09-14T00:00:00.000Z,Threes_Gold_Style_Jester,2199,1294
2025-09-14T00:00:00.000Z,Threes_Pro_Style_Rintaro,553,411
2025-09-14T00:00:00.000Z,Threes_Gold_Ability_CurveSpike,1743,1063
2025-09-14T00:00:00.000Z,Threes_Silver_Style_Kazana,1802,1207
2025-09-14T00:00:00.000Z,Threes_Gold_Style_TimeskipTobio2,6600,3917
2025-09-14T00:00:00.000Z,Threes_Gold_Ability_ZeroGravitySet,902,547
2025-09-14T00:00:00.000Z,Threes_Gold_Ability_MagneticPull,6895,4151
2025-09-14T00:00:00.000Z,Threes_Silver_Style_TimeskipShoyo2,15681,10183
2025-09-14T00:00:00.000Z,Threes_Gold_Style_Rintaro,8296,4887
2025-09-14T00:00:00.000Z,Twos_Silver_Style_TeamCaptain,6136,3695
2025-09-14T00:00:00.000Z,Twos_Silver_Ability_TeamSpirit,9349,5806
2025-09-14T00:00:00.000Z,Twos_Diamond_Style_TimeskipShoyo2,18270,10691
2025-09-14T00:00:00.000Z,Twos_Diamond_Style_Kei,26,12
2025-09-14T00:00:00.000Z,Twos_Diamond_Ability_CurveSpike,3494,1975
2025-09-14T00:00:00.000Z,Twos_Diamond_Ability_SuperSprint,2196,1266
2025-09-14T00:00:00.000Z,Twos_Gold_Style_Mikage,4306,2629
2025-09-14T00:00:00.000Z,Twos_Gold_Style_Kimiro,4636,2539
2025-09-14T00:00:00.000Z,Twos_Silver_Ability_RollingThunder,9369,5745
2025-09-14T00:00:00.000Z,Twos_Bronze_Style_Kazana,2046,932
2025-09-14T00:00:00.000Z,Twos_Bronze_Ability_RollingThunder,11507,4232
2025-09-14T00:00:00.000Z,Twos_Gold_Ability_ZeroGravitySet,8254,4698
2025-09-14T00:00:00.000Z,Twos_Silver_Style_TimeskipTobio,3217,2078
2025-09-14T00:00:00.000Z,Twos_Diamond_Ability_SteelBlock,5994,3442
2025-09-14T00:00:00.000Z,Twos_Diamond_Ability_BoomJump,6893,3939
2025-09-14T00:00:00.000Z,Threes_Bronze_Style_Yogan,4504,1567
2025-09-14T00:00:00.000Z,Threes_Silver_Ability_Moonball,7782,5258
2025-09-14T00:00:00.000Z,Threes_Bronze_Style_Daichi,1009,184
2025-09-14T00:00:00.000Z,Threes_Bronze_Style_Hirugami,2068,616
2025-09-14T00:00:00.000Z,Threes_Bronze_Ability_TeamSpirit,2729,814
2025-09-14T00:00:00.000Z,Fours_Silver_Style_Toru,429,343
2025-09-14T00:00:00.000Z,Fours_Bronze_Style_Rintaro,3935,1037
2025-09-14T00:00:00.000Z,Fours_Bronze_Ability_SteelBlock,3831,929
2025-09-14T00:00:00.000Z,Fours_Silver_Ability_FourthTouch,1369,978
2025-09-14T00:00:00.000Z,Fours_Bronze_Ability_MagneticPull,1726,474
2025-09-14T00:00:00.000Z,Fours_Bronze_Style_TimeskipTobio2,2659,660
2025-09-14T00:00:00.000Z,Fours_Silver_Ability_SuperSprint,715,572
2025-09-14T00:00:00.000Z,Fours_Bronze_Style_Kotaru,1453,316
2025-09-14T00:00:00.000Z,Fours_Silver_Style_Jester,1748,1298
2025-09-14T00:00:00.000Z,Fours_Bronze_Ability_ZeroGravitySet,2270,419
2025-09-14T00:00:00.000Z,Fours_Silver_Style_Rintaro,5186,3898
2025-09-14T00:00:00.000Z,Fours_Silver_Ability_Moonball,1344,1025
2025-09-14T00:00:00.000Z,Threes_Silver_Style_Kotaru,5442,3790
2025-09-14T00:00:00.000Z,Threes_Silver_Ability_SuperSprint,4289,2797
2025-09-14T00:00:00.000Z,Threes_Silver_Style_Tobio,3564,2368
2025-09-14T00:00:00.000Z,Twos_Silver_Style_Twin2,4233,2616
2025-09-14T00:00:00.000Z,Twos_Bronze_Style_Hirugami,7463,2892
2025-09-14T00:00:00.000Z,Threes_Diamond_Style_Twin1,150,105
2025-09-14T00:00:00.000Z,Threes_Pro_Style_TimeskipTobio2,383,268
2025-09-14T00:00:00.000Z,Threes_Diamond_Ability_BoomJump,627,362
2025-09-14T00:00:00.000Z,Threes_Gold_Ability_SuperSprint,783,453
2025-09-14T00:00:00.000Z,Threes_Pro_Ability_SteelBlock,115,91
2025-09-14T00:00:00.000Z,Twos_Diamond_Style_Kotaru,1134,690
2025-09-14T00:00:00.000Z,Twos_Bronze_Style_Daichi,4291,1268
2025-09-14T00:00:00.000Z,Twos_Bronze_Style_Yu,2484,570
2025-09-14T00:00:00.000Z,Twos_Bronze_Style_Asahi,7979,2584
2025-09-14T00:00:00.000Z,Twos_Pro_Style_TeamCaptain,241,143
2025-09-14T00:00:00.000Z,Twos_Pro_Style_Twin1,825,528
2025-09-14T00:00:00.000Z,Threes_Silver_Style_Jester,10689,6746
2025-09-14T00:00:00.000Z,Threes_Bronze_Style_Asahi,1624,361
2025-09-14T00:00:00.000Z,Threes_Silver_Ability_RedirectionJump,8328,5499
2025-09-14T00:00:00.000Z,Threes_Silver_Style_Wakatoshi,3023,2173
2025-09-14T00:00:00.000Z,Threes_Bronze_Style_Tobio,4981,1465
2025-09-14T00:00:00.000Z,Threes_Silver_Ability_DivineStrength,4313,2889
2025-09-14T00:00:00.000Z,Twos_Gold_Style_TeamCaptain,3578,2008
2025-09-14T00:00:00.000Z,Twos_Bronze_Style_TeamCaptain,2299,984
2025-09-14T00:00:00.000Z,Fours_Silver_Style_TeamCaptain,387,284
2025-09-14T00:00:00.000Z,Fours_Silver_Ability_SteelBlock,3224,2486
2025-09-14T00:00:00.000Z,Fours_Bronze_Ability_BoomJump,2364,492
2025-09-14T00:00:00.000Z,Fours_Bronze_Ability_ShieldBreaker,2125,582
2025-09-14T00:00:00.000Z,Fours_Bronze_Style_Kimiro,1301,324
2025-09-14T00:00:00.000Z,Fours_Silver_Style_TimeskipShoyo2,2755,2103
2025-09-14T00:00:00.000Z,Fours_Silver_Ability_DivineStrength,846,654
2025-09-14T00:00:00.000Z,Fours_Silver_Style_TimeskipTobio2,3687,2730
2025-09-14T00:00:00.000Z,Twos_Gold_Style_Tobio,3537,2006
2025-09-14T00:00:00.000Z,Twos_Silver_Style_Mikage,5934,3900
2025-09-14T00:00:00.000Z,Twos_Silver_Style_Kenma,1898,1195
2025-09-14T00:00:00.000Z,Threes_Bronze_Style_Morisuke,1663,391
2025-09-14T00:00:00.000Z,Fours_Pro_Ability_ShieldBreaker,285,223
2025-09-14T00:00:00.000Z,Fours_Pro_Ability_MagneticPull,158,130
2025-09-14T00:00:00.000Z,Fours_Bronze_Style_Tobio,983,211
2025-09-14T00:00:00.000Z,Fours_Pro_Style_TimeskipShoyo2,371,291
2025-09-14T00:00:00.000Z,Fours_Pro_Style_Twin1,13,12
2025-09-14T00:00:00.000Z,Fours_Pro_Style_Rintaro,176,139
2025-09-14T00:00:00.000Z,Fours_Pro_Style_TimeskipTobio2,117,97
2025-09-14T00:00:00.000Z,Twos_Diamond_Style_Twin2,1833,1071
2025-09-14T00:00:00.000Z,Twos_Bronze_Style_Shoyo,1644,345
2025-09-14T00:00:00.000Z,Twos_Bronze_Style_Taketora,4331,1296
2025-09-14T00:00:00.000Z,Fours_Silver_Style_Kotaru,1055,824
2025-09-14T00:00:00.000Z,Fours_Bronze_Ability_Moonball,1778,344
2025-09-14T00:00:00.000Z,Fours_Silver_Ability_ZeroGravitySet,1595,1284
2025-09-14T00:00:00.000Z,Fours_Bronze_Style_Toru,714,118
2025-09-14T00:00:00.000Z,Fours_Bronze_Ability_TeamSpirit,488,81
2025-09-14T00:00:00.000Z,Fours_Silver_Style_Tetsuro,209,179
2025-09-14T00:00:00.000Z,Fours_Silver_Ability_ShieldBreaker,4071,3116
2025-09-14T00:00:00.000Z,Fours_Silver_Ability_CurveSpike,1523,1161
2025-09-14T00:00:00.000Z,Twos_Gold_Style_TimeskipToru,1871,1186
2025-09-14T00:00:00.000Z,Threes_Bronze_Ability_RedirectionJump,5606,2005
2025-09-14T00:00:00.000Z,Threes_Bronze_Style_Yu,591,115
2025-09-14T00:00:00.000Z,Sixes_Silver_Style_TimeskipShoyo2,310,276
2025-09-14T00:00:00.000Z,Sixes_Pro_Ability_BoomJump,31,29
2025-09-14T00:00:00.000Z,Sixes_Pro_Style_TimeskipToru,3,3
2025-09-14T00:00:00.000Z,Sixes_Bronze_Style_TimeskipShoyo2,150,15
2025-09-14T00:00:00.000Z,Sixes_Diamond_Ability_Moonball,11,11
2025-09-14T00:00:00.000Z,Sixes_Bronze_Style_Wakatoshi,103,4
2025-09-14T00:00:00.000Z,Sixes_Bronze_Ability_BoomJump,209,16
2025-09-14T00:00:00.000Z,Sixes_Bronze_Style_Jester,137,13
2025-09-14T00:00:00.000Z,Sixes_Pro_Ability_ShieldBreaker,151,151
2025-09-14T00:00:00.000Z,Sixes_Bronze_Style_Taketora,22,0
2025-09-14T00:00:00.000Z,Sixes_Diamond_Style_TimeskipTobio,25,24
2025-09-14T00:00:00.000Z,Sixes_Diamond_Style_Rintaro,19,18
2025-09-14T00:00:00.000Z,Sixes_Diamond_Ability_MagneticPull,28,26
2025-09-14T00:00:00.000Z,Sixes_Bronze_Ability_SteelBlock,326,16
2025-09-14T00:00:00.000Z,Sixes_Pro_Style_Twin1,12,12
2025-09-14T00:00:00.000Z,Sixes_Bronze_Ability_RedirectionJump,156,20
2025-09-14T00:00:00.000Z,Sixes_Silver_Ability_MagneticPull,283,251
2025-09-14T00:00:00.000Z,Sixes_Pro_Style_TimeskipShoyo2,118,114
2025-09-14T00:00:00.000Z,Sixes_Bronze_Ability_ZeroGravitySet,225,9
2025-09-14T00:00:00.000Z,Twos_Silver_Style_Taketora,2024,1359
2025-09-14T00:00:00.000Z,Twos_Diamond_Ability_ZeroGravitySet,1818,1040
2025-09-14T00:00:00.000Z,Threes_Silver_Style_Twin1,1718,1159
2025-09-14T00:00:00.000Z,Twos_Bronze_Style_Morisuke,6939,2239
2025-09-14T00:00:00.000Z,Threes_Diamond_Style_Rintaro,1984,1168
2025-09-14T00:00:00.000Z,Threes_Diamond_Ability_ShieldBreaker,2426,1494
2025-09-14T00:00:00.000Z,Threes_Diamond_Style_TimeskipTobio,294,188
2025-09-14T00:00:00.000Z,Threes_Diamond_Ability_MagneticPull,1759,1041
2025-09-14T00:00:00.000Z,Threes_Gold_Ability_RedirectionJump,2907,1754
2025-09-14T00:00:00.000Z,Threes_Gold_Style_Hirugami,173,98
2025-09-14T00:00:00.000Z,Threes_Gold_Ability_SteelBlock,2726,1632
2025-09-14T00:00:00.000Z,Threes_Gold_Style_Twin1,591,375
2025-09-14T00:00:00.000Z,Threes_Silver_Style_Kenma,484,368
2025-09-14T00:00:00.000Z,Threes_Bronze_Ability_SuperSprint,3833,1260
2025-09-14T00:00:00.000Z,Threes_Bronze_Style_Kenma,929,205
2025-09-14T00:00:00.000Z,Threes_Silver_Style_Toru,2378,1670
2025-09-14T00:00:00.000Z,Threes_Gold_Style_TimeskipShoyo2,6136,3696
2025-09-14T00:00:00.000Z,Threes_Gold_Style_Twin2,676,426
2025-09-14T00:00:00.000Z,Threes_Diamond_Style_TimeskipShoyo2,1933,1177
2025-09-14T00:00:00.000Z,Threes_Diamond_Style_TimeskipToru,61,40
2025-09-14T00:00:00.000Z,Threes_Gold_Ability_ShieldBreaker,8700,5232
2025-09-14T00:00:00.000Z,Threes_Gold_Style_TimeskipTobio,769,512
2025-09-14T00:00:00.000Z,Threes_Gold_Ability_TeamSpirit,333,216
2025-09-14T00:00:00.000Z,Threes_Silver_Style_Yu,332,250
2025-09-14T00:00:00.000Z,Twos_Gold_Style_TimeskipTobio,2466,1455
2025-09-14T00:00:00.000Z,Threes_Pro_Style_TimeskipShoyo2,717,520
2025-09-14T00:00:00.000Z,Threes_Pro_Style_TimeskipTobio,229,176
2025-09-14T00:00:00.000Z,Threes_Pro_Ability_MagneticPull,460,345
2025-09-14T00:00:00.000Z,Threes_Pro_Ability_ShieldBreaker,699,510
2025-09-14T00:00:00.000Z,Twos_Bronze_Style_Twin1,1995,979
2025-09-14T00:00:00.000Z,Twos_Silver_Style_Kei,1652,1106
2025-09-14T00:00:00.000Z,Twos_Silver_Style_Tetsuro,4931,3299
2025-09-14T00:00:00.000Z,Fours_Bronze_Style_TimeskipShoyo2,1435,409
2025-09-14T00:00:00.000Z,Fours_Gold_Ability_MagneticPull,893,602
2025-09-14T00:00:00.000Z,Fours_Gold_Style_TimeskipTobio,166,118
2025-09-14T00:00:00.000Z,Fours_Gold_Style_Wakatoshi,10,5
2025-09-14T00:00:00.000Z,Fours_Gold_Ability_FourthTouch,298,202
2025-09-14T00:00:00.000Z,Fours_Gold_Style_TimeskipShoyo2,783,529
2025-09-14T00:00:00.000Z,Fours_Bronze_Ability_RedirectionJump,1136,266
2025-09-14T00:00:00.000Z,Fours_Gold_Style_Rintaro,992,670
2025-09-14T00:00:00.000Z,Fours_Gold_Ability_BoomJump,302,203
2025-09-14T00:00:00.000Z,Twos_Bronze_Style_Koshi,1232,284
2025-09-14T00:00:00.000Z,Twos_Bronze_Style_Ryunosuke,1404,371
2025-09-14T00:00:00.000Z,Twos_Gold_Style_Toru,1940,1170
2025-09-14T00:00:00.000Z,Twos_Diamond_Style_Kimiro,774,381
2025-09-14T00:00:00.000Z,Twos_Bronze_Style_Lev,1368,301
2025-09-14T00:00:00.000Z,Twos_Pro_Ability_BoomJump,1869,1171
2025-09-14T00:00:00.000Z,Twos_Pro_Style_TimeskipTobio,285,187
2025-09-14T00:00:00.000Z,Twos_Pro_Ability_MagneticPull,6195,3743
2025-09-14T00:00:00.000Z,Twos_Pro_Ability_SteelBlock,1007,611
2025-09-14T00:00:00.000Z,Twos_Diamond_Style_Twin1,2369,1381
2025-09-14T00:00:00.000Z,Threes_Bronze_Style_Mikage,1075,449
2025-09-14T00:00:00.000Z,Fours_Silver_Style_Morisuke,182,148
2025-09-14T00:00:00.000Z,Fours_Bronze_Style_Yogan,784,192
2025-09-14T00:00:00.000Z,Fours_Bronze_Ability_CurveSpike,1501,330
2025-09-14T00:00:00.000Z,Fours_Bronze_Style_Jester,1411,352
2025-09-14T00:00:00.000Z,Fours_Silver_Ability_BoomJump,2554,1984
2025-09-14T00:00:00.000Z,Threes_Diamond_Style_TimeskipTobio2,1451,851
2025-09-14T00:00:00.000Z,Threes_Diamond_Ability_ZeroGravitySet,91,53
2025-09-14T00:00:00.000Z,Threes_Silver_Ability_TeamSpirit,2296,1586
2025-09-14T00:00:00.000Z,Threes_Gold_Ability_BoomJump,2813,1682
2025-09-14T00:00:00.000Z,Threes_Bronze_Ability_RollingThunder,2788,828
2025-09-14T00:00:00.000Z,Twos_Gold_Ability_RollingThunder,2439,1386
2025-09-14T00:00:00.000Z,Threes_Bronze_Style_TimeskipTobio,514,195
2025-09-14T00:00:00.000Z,Twos_Diamond_Style_TimeskipShoyo,1387,817
2025-09-14T00:00:00.000Z,Twos_Pro_Style_TimeskipShoyo,915,582
2025-09-14T00:00:00.000Z,Threes_Silver_Style_Twin2,1862,1279
2025-09-14T00:00:00.000Z,Threes_Silver_Style_Asahi,957,720
2025-09-14T00:00:00.000Z,Twos_Gold_Style_TimeskipShoyo,1731,1079
2025-09-14T00:00:00.000Z,Threes_Silver_Ability_RollingThunder,2295,1493
2025-09-14T00:00:00.000Z,Threes_Bronze_Style_Kazana,938,348
2025-09-14T00:00:00.000Z,Threes_Bronze_Style_Koshi,197,33
2025-09-14T00:00:00.000Z,Fours_Gold_Style_Twin1,62,45
2025-09-14T00:00:00.000Z,Fours_Bronze_Style_Kenma,191,18
2025-09-14T00:00:00.000Z,Fours_Gold_Style_TimeskipTobio2,670,449
2025-09-14T00:00:00.000Z,Fours_Silver_Style_Taketora,95,78
2025-09-14T00:00:00.000Z,Twos_Silver_Style_Yu,962,644
2025-09-14T00:00:00.000Z,Threes_Bronze_Ability_FourthTouch,4236,1713
2025-09-14T00:00:00.000Z,Twos_Pro_Ability_CurveSpike,609,377
2025-09-14T00:00:00.000Z,Fours_Bronze_Style_Taketora,197,26
2025-09-14T00:00:00.000Z,Fours_Silver_Ability_RollingThunder,474,370
2025-09-14T00:00:00.000Z,Fours_Bronze_Ability_SuperSprint,702,121
2025-09-14T00:00:00.000Z,Fours_Silver_Style_Tobio,627,501
2025-09-14T00:00:00.000Z,Fours_Silver_Style_Asahi,192,158
2025-09-14T00:00:00.000Z,Fours_Silver_Style_Hirugami,525,396
2025-09-14T00:00:00.000Z,Threes_Silver_Style_TeamCaptain,2180,1405
2025-09-14T00:00:00.000Z,Fours_Silver_Style_Kimiro,1129,865
2025-09-14T00:00:00.000Z,Twos_Bronze_Style_Shinsuke,972,235
2025-09-14T00:00:00.000Z,Twos_Pro_Style_Mikage,353,231
2025-09-14T00:00:00.000Z,Threes_Gold_Style_Mikage,1397,937
2025-09-14T00:00:00.000Z,Threes_Gold_Style_Kimiro,543,321
2025-09-14T00:00:00.000Z,Threes_Silver_Style_TimeskipShoyo,927,620
2025-09-14T00:00:00.000Z,Threes_Bronze_Style_Ohira,510,94
2025-09-14T00:00:00.000Z,Twos_Silver_Style_Ryunosuke,645,448
2025-09-14T00:00:00.000Z,Threes_Bronze_Style_Toru,3297,951
2025-09-14T00:00:00.000Z,Twos_Silver_Style_Hirugami,5338,3499
2025-09-14T00:00:00.000Z,Threes_Diamond_Ability_RedirectionJump,849,529
2025-09-14T00:00:00.000Z,Twos_Gold_Style_Ohira,142,93
2025-09-14T00:00:00.000Z,Twos_Pro_Ability_SuperSprint,599,358
2025-09-14T00:00:00.000Z,Twos_Pro_Ability_FourthTouch,867,517
2025-09-14T00:00:00.000Z,Fours_Bronze_Style_Wakatoshi,1100,196
2025-09-14T00:00:00.000Z,Fours_Bronze_Style_Morisuke,349,48
2025-09-14T00:00:00.000Z,Threes_Silver_Style_Hirugami,1637,1186
2025-09-14T00:00:00.000Z,Threes_Gold_Ability_Moonball,926,535
2025-09-14T00:00:00.000Z,Threes_Gold_Style_TeamCaptain,705,399
2025-09-14T00:00:00.000Z,Threes_Gold_Style_Tobio,335,186
2025-09-14T00:00:00.000Z,Twos_Silver_Style_Koshi,636,441
2025-09-14T00:00:00.000Z,Twos_Pro_Style_TimeskipToru,351,233
2025-09-14T00:00:00.000Z,Twos_Diamond_Style_Jester,4163,2385
2025-09-14T00:00:00.000Z,Threes_Gold_Style_Yogan,1111,641
2025-09-14T00:00:00.000Z,Threes_Gold_Ability_DivineStrength,565,322
2025-09-14T00:00:00.000Z,Threes_Bronze_Style_Ryunosuke,240,47
2025-09-14T00:00:00.000Z,Fours_Silver_Ability_MagneticPull,3187,2370
2025-09-14T00:00:00.000Z,Fours_Silver_Style_Wakatoshi,618,503
2025-09-14T00:00:00.000Z,Fours_Bronze_Style_Daichi,226,29
2025-09-14T00:00:00.000Z,Fours_Bronze_Ability_FourthTouch,867,267
2025-09-14T00:00:00.000Z,Fours_Silver_Style_Kazana,378,289
2025-09-14T00:00:00.000Z,Threes_Silver_Style_TimeskipTobio,1424,979
2025-09-14T00:00:00.000Z,Twos_Gold_Style_Ryunosuke,39,15
2025-09-14T00:00:00.000Z,Twos_Diamond_Style_Kazana,1278,764
2025-09-14T00:00:00.000Z,Fours_Gold_Style_Yogan,124,82
2025-09-14T00:00:00.000Z,Fours_Silver_Style_Daichi,86,79
2025-09-14T00:00:00.000Z,Fours_Silver_Style_Yogan,948,700
2025-09-14T00:00:00.000Z,Fours_Gold_Ability_SteelBlock,317,208
2025-09-14T00:00:00.000Z,Twos_Bronze_Style_TimeskipToru,658,305
2025-09-14T00:00:00.000Z,Threes_Bronze_Style_Kei,622,118
2025-09-14T00:00:00.000Z,Twos_Diamond_Style_TimeskipTobio,1424,847
2025-09-14T00:00:00.000Z,Threes_Diamond_Ability_FourthTouch,503,284
2025-09-14T00:00:00.000Z,Threes_Diamond_Style_TeamCaptain,147,67
2025-09-14T00:00:00.000Z,Threes_Diamond_Style_Mikage,404,266
2025-09-14T00:00:00.000Z,Twos_Bronze_Style_Twin2,1245,539
2025-09-14T00:00:00.000Z,Fours_Silver_Style_Mikage,805,625
2025-09-14T00:00:00.000Z,Twos_Gold_Style_Hirugami,963,613
2025-09-14T00:00:00.000Z,Twos_Pro_Ability_ZeroGravitySet,259,155
2025-09-14T00:00:00.000Z,Threes_Bronze_Style_Taketora,839,152
2025-09-14T00:00:00.000Z,Threes_Diamond_Style_Jester,327,196
2025-09-14T00:00:00.000Z,Threes_Gold_Style_Toru,197,115
2025-09-14T00:00:00.000Z,Twos_Diamond_Style_TeamCaptain,1531,867
2025-09-14T00:00:00.000Z,Threes_Silver_Style_TimeskipToru,782,530
2025-09-14T00:00:00.000Z,Threes_Bronze_Style_TeamCaptain,1095,406
2025-09-14T00:00:00.000Z,Twos_Bronze_Style_TimeskipShoyo,620,283
2025-09-14T00:00:00.000Z,Twos_Gold_Style_Wakatoshi,2111,1320
2025-09-14T00:00:00.000Z,Threes_Bronze_Style_Lev,220,25
2025-09-14T00:00:00.000Z,Twos_Silver_Style_Hajime,1080,740
2025-09-14T00:00:00.000Z,Twos_Silver_Style_Daichi,1702,1131
2025-09-14T00:00:00.000Z,Twos_Pro_Style_Twin2,669,424
2025-09-14T00:00:00.000Z,Threes_Diamond_Ability_SuperSprint,189,105
2025-09-14T00:00:00.000Z,Threes_Diamond_Style_Twin2,171,110
2025-09-14T00:00:00.000Z,Threes_Diamond_Style_TimeskipShoyo,208,136
2025-09-14T00:00:00.000Z,Fours_Bronze_Ability_RollingThunder,549,105
2025-09-14T00:00:00.000Z,Twos_Pro_Ability_TeamSpirit,156,93
2025-09-14T00:00:00.000Z,Twos_Pro_Style_TimeskipTobio2,2304,1372
2025-09-14T00:00:00.000Z,Twos_Diamond_Ability_DivineStrength,1202,689
2025-09-14T00:00:00.000Z,Fours_Silver_Style_Twin2,364,296
2025-09-14T00:00:00.000Z,Twos_Gold_Style_Asahi,587,373
2025-09-14T00:00:00.000Z,Fours_Bronze_Style_Kazana,221,49
2025-09-14T00:00:00.000Z,Fours_Gold_Ability_ZeroGravitySet,76,51
2025-09-14T00:00:00.000Z,Twos_Gold_Style_Daichi,98,47
2025-09-14T00:00:00.000Z,Twos_Diamond_Style_Hirugami,222,141
2025-09-14T00:00:00.000Z,Threes_Silver_Style_Morisuke,771,572
2025-09-14T00:00:00.000Z,Threes_Silver_Style_Ryunosuke,131,94
2025-09-14T00:00:00.000Z,Twos_Diamond_Style_Toru,370,221
2025-09-14T00:00:00.000Z,Fours_Silver_Ability_RedirectionJump,1492,1136
2025-09-14T00:00:00.000Z,Fours_Silver_Style_TimeskipTobio,338,265
2025-09-14T00:00:00.000Z,Fours_Bronze_Style_Lev,63,7
2025-09-14T00:00:00.000Z,Fours_Bronze_Style_Yu,140,27
2025-09-14T00:00:00.000Z,Fours_Silver_Style_Twin1,281,229
2025-09-14T00:00:00.000Z,Threes_Gold_Style_Kotaru,481,300
2025-09-14T00:00:00.000Z,Twos_Pro_Style_Kazana,313,190
2025-09-14T00:00:00.000Z,Fours_Gold_Ability_ShieldBreaker,1121,747
2025-09-14T00:00:00.000Z,Fours_Bronze_Style_TimeskipShoyo,79,24
2025-09-14T00:00:00.000Z,Fours_Bronze_Style_Hajime,89,13
2025-09-14T00:00:00.000Z,Fours_Bronze_Style_Tetsuro,407,53
2025-09-14T00:00:00.000Z,Fours_Bronze_Style_TeamCaptain,231,61
2025-09-14T00:00:00.000Z,Threes_Silver_Style_Tetsuro,1035,792
2025-09-14T00:00:00.000Z,Threes_Pro_Ability_BoomJump,203,157
2025-09-14T00:00:00.000Z,Threes_Pro_Ability_FourthTouch,95,66
2025-09-14T00:00:00.000Z,Threes_Pro_Style_Twin2,52,42
2025-09-14T00:00:00.000Z,Threes_Pro_Style_Kazana,20,12
2025-09-14T00:00:00.000Z,Twos_Bronze_Style_Tadashi,1066,252
2025-09-14T00:00:00.000Z,Twos_Diamond_Style_Wakatoshi,487,318
2025-09-14T00:00:00.000Z,Threes_Silver_Style_Taketora,437,324
2025-09-14T00:00:00.000Z,Threes_Bronze_Style_Shoyo,290,37
2025-09-14T00:00:00.000Z,Twos_Silver_Style_Shoyo,718,498
2025-09-14T00:00:00.000Z,Fours_Silver_Style_TimeskipToru,146,116
2025-09-14T00:00:00.000Z,Threes_Bronze_Style_TimeskipToru,313,104
2025-09-14T00:00:00.000Z,Threes_Bronze_Style_Tadashi,212,28
2025-09-14T00:00:00.000Z,Twos_Pro_Style_Yogan,394,217
2025-09-14T00:00:00.000Z,Twos_Gold_Style_Kenma,159,77
2025-09-14T00:00:00.000Z,Twos_Silver_Style_Lev,381,282
2025-09-14T00:00:00.000Z,Fours_Bronze_Style_Hirugami,483,114
2025-09-14T00:00:00.000Z,Threes_Diamond_Style_Yogan,160,88
2025-09-14T00:00:00.000Z,Threes_Diamond_Style_Kotaru,54,30
2025-09-14T00:00:00.000Z,Twos_Silver_Style_Tadashi,400,282
2025-09-14T00:00:00.000Z,Threes_Silver_Style_Ohira,258,181
2025-09-14T00:00:00.000Z,Threes_Silver_Style_Kei,387,294
2025-09-14T00:00:00.000Z,Threes_Diamond_Ability_SteelBlock,474,284
2025-09-14T00:00:00.000Z,Threes_Pro_Style_Twin1,47,40
2025-09-14T00:00:00.000Z,Threes_Diamond_Ability_CurveSpike,368,220
2025-09-14T00:00:00.000Z,Threes_Silver_Style_Shinsuke,88,65
2025-09-14T00:00:00.000Z,Fours_Bronze_Ability_DivineStrength,830,185
2025-09-14T00:00:00.000Z,Threes_Gold_Ability_RollingThunder,346,206
2025-09-14T00:00:00.000Z,Twos_Diamond_Ability_RollingThunder,637,374
2025-09-14T00:00:00.000Z,Twos_Pro_Ability_Moonball,283,168
2025-09-14T00:00:00.000Z,Twos_Diamond_Style_Asahi,108,70
2025-09-14T00:00:00.000Z,Threes_Silver_Style_Daichi,414,299
2025-09-14T00:00:00.000Z,Threes_Diamond_Style_Yu,1,0
2025-09-14T00:00:00.000Z,Threes_Diamond_Style_Koshi,1,0
2025-09-14T00:00:00.000Z,Threes_Diamond_Ability_RollingThunder,57,35
2025-09-14T00:00:00.000Z,Threes_Gold_Style_Kazana,563,339
2025-09-14T00:00:00.000Z,Fours_Pro_Style_Kazana,6,4
2025-09-14T00:00:00.000Z,Fours_Diamond_Style_TimeskipTobio2,188,133
2025-09-14T00:00:00.000Z,Fours_Diamond_Ability_RedirectionJump,198,151
2025-09-14T00:00:00.000Z,Threes_Bronze_Style_Shinsuke,182,29
2025-09-14T00:00:00.000Z,Threes_Bronze_Style_TimeskipShoyo,285,94
2025-09-14T00:00:00.000Z,Twos_Pro_Style_Wakatoshi,75,53
2025-09-14T00:00:00.000Z,Twos_Gold_Style_Kei,117,77
2025-09-14T00:00:00.000Z,Fours_Silver_Style_Kenma,91,80
2025-09-14T00:00:00.000Z,Fours_Diamond_Ability_ShieldBreaker,454,323
2025-09-14T00:00:00.000Z,Fours_Diamond_Style_Mikage,106,79
2025-09-14T00:00:00.000Z,Fours_Diamond_Ability_CurveSpike,93,63
2025-09-14T00:00:00.000Z,Threes_Gold_Style_Ohira,7,5
2025-09-14T00:00:00.000Z,Fours_Silver_Style_TimeskipShoyo,160,126
2025-09-14T00:00:00.000Z,Twos_Diamond_Style_Tobio,661,388
2025-09-14T00:00:00.000Z,Twos_Diamond_Style_Morisuke,5,3
2025-09-14T00:00:00.000Z,Threes_Silver_Style_Koshi,111,82
2025-09-14T00:00:00.000Z,Fours_Gold_Ability_RedirectionJump,429,297
2025-09-14T00:00:00.000Z,Fours_Diamond_Ability_MagneticPull,282,195
2025-09-14T00:00:00.000Z,Fours_Bronze_Style_Tadashi,51,4
2025-09-14T00:00:00.000Z,Fours_Gold_Style_TimeskipShoyo,51,40
2025-09-14T00:00:00.000Z,Twos_Silver_Style_Shinsuke,384,248
2025-09-14T00:00:00.000Z,Fours_Bronze_Style_Shinsuke,57,3
2025-09-14T00:00:00.000Z,Twos_Diamond_Ability_TeamSpirit,654,350
2025-09-14T00:00:00.000Z,Fours_Bronze_Style_Kei,145,14
2025-09-14T00:00:00.000Z,Threes_Bronze_Style_Twin2,652,254
2025-09-14T00:00:00.000Z,Twos_Gold_Style_Hajime,90,53
2025-09-14T00:00:00.000Z,Fours_Bronze_Style_Asahi,323,40
2025-09-14T00:00:00.000Z,Fours_Silver_Style_Lev,23,20
2025-09-14T00:00:00.000Z,Fours_Silver_Ability_TeamSpirit,424,313
2025-09-14T00:00:00.000Z,Fours_Gold_Style_Twin2,109,81
2025-09-14T00:00:00.000Z,Twos_Diamond_Style_Ohira,16,9
2025-09-14T00:00:00.000Z,Threes_Diamond_Style_Hirugami,22,14
2025-09-14T00:00:00.000Z,Threes_Gold_Style_TimeskipToru,277,166
2025-09-14T00:00:00.000Z,Fours_Pro_Style_Mikage,37,27
2025-09-14T00:00:00.000Z,Fours_Pro_Ability_TeamSpirit,7,6
2025-09-14T00:00:00.000Z,Fours_Bronze_Style_Shoyo,81,6
2025-09-14T00:00:00.000Z,Fours_Gold_Ability_Moonball,80,50
2025-09-14T00:00:00.000Z,Threes_Pro_Ability_DivineStrength,19,16
2025-09-14T00:00:00.000Z,Threes_Bronze_Style_Hajime,465,74
2025-09-14T00:00:00.000Z,Threes_Silver_Style_Hajime,224,169
2025-09-14T00:00:00.000Z,Fours_Silver_Style_Yu,94,74
2025-09-14T00:00:00.000Z,Fours_Silver_Style_Ohira,46,38
2025-09-14T00:00:00.000Z,Threes_Pro_Style_Mikage,88,68
2025-09-14T00:00:00.000Z,Threes_Pro_Ability_ZeroGravitySet,56,43
2025-09-14T00:00:00.000Z,Threes_Pro_Style_TimeskipShoyo,116,88
2025-09-14T00:00:00.000Z,Fours_Gold_Style_Kazana,76,44
2025-09-14T00:00:00.000Z,Twos_Diamond_Style_Ryunosuke,19,8
2025-09-14T00:00:00.000Z,Threes_Silver_Style_Shoyo,160,110
2025-09-14T00:00:00.000Z,Fours_Bronze_Style_TimeskipToru,70,22
2025-09-14T00:00:00.000Z,Threes_Gold_Style_Kei,19,12
2025-09-14T00:00:00.000Z,Fours_Bronze_Style_Mikage,308,89
2025-09-14T00:00:00.000Z,Fours_Silver_Style_Ryunosuke,32,30
2025-09-14T00:00:00.000Z,Threes_Gold_Style_TimeskipShoyo,464,277
2025-09-14T00:00:00.000Z,Twos_Pro_Ability_DivineStrength,191,99
2025-09-14T00:00:00.000Z,Threes_Gold_Style_Ryunosuke,15,7
2025-09-14T00:00:00.000Z,Twos_Pro_Style_Kimiro,72,44
2025-09-14T00:00:00.000Z,Fours_Diamond_Style_Rintaro,289,221
2025-09-14T00:00:00.000Z,Fours_Diamond_Style_Kimiro,14,9
2025-09-14T00:00:00.000Z,Fours_Gold_Style_TeamCaptain,74,49
2025-09-14T00:00:00.000Z,Fours_Diamond_Style_TimeskipShoyo,66,50
2025-09-14T00:00:00.000Z,Fours_Gold_Ability_CurveSpike,164,117
2025-09-14T00:00:00.000Z,Fours_Gold_Style_Kimiro,95,56
2025-09-14T00:00:00.000Z,Fours_Gold_Ability_SuperSprint,101,76
2025-09-14T00:00:00.000Z,Sixes_Bronze_Ability_CurveSpike,150,9
2025-09-14T00:00:00.000Z,Sixes_Bronze_Style_TimeskipTobio2,231,24
2025-09-14T00:00:00.000Z,Sixes_Silver_Ability_ShieldBreaker,429,389
2025-09-14T00:00:00.000Z,Sixes_Bronze_Style_Kotaru,149,9
2025-09-14T00:00:00.000Z,Sixes_Bronze_Ability_MagneticPull,159,29
2025-09-14T00:00:00.000Z,Sixes_Bronze_Style_Kimiro,114,11
2025-09-14T00:00:00.000Z,Sixes_Silver_Style_Yogan,82,74
2025-09-14T00:00:00.000Z,Sixes_Silver_Ability_DivineStrength,54,46
2025-09-14T00:00:00.000Z,Sixes_Bronze_Style_Daichi,20,0
2025-09-14T00:00:00.000Z,Sixes_Silver_Style_Rintaro,467,421
2025-09-14T00:00:00.000Z,Sixes_Bronze_Style_Tobio,98,4
2025-09-14T00:00:00.000Z,Threes_Gold_Style_Asahi,46,30
2025-09-14T00:00:00.000Z,Twos_Pro_Style_Toru,11,7
2025-09-14T00:00:00.000Z,Twos_Gold_Style_Taketora,110,66
2025-09-14T00:00:00.000Z,Threes_Silver_Style_Tadashi,97,77
2025-09-14T00:00:00.000Z,Fours_Bronze_Style_TimeskipTobio,148,43
2025-09-14T00:00:00.000Z,Twos_Gold_Style_Yu,74,37
2025-09-14T00:00:00.000Z,Fours_Gold_Style_Hirugami,38,30
2025-09-14T00:00:00.000Z,Fours_Gold_Ability_TeamSpirit,26,16
2025-09-14T00:00:00.000Z,Threes_Gold_Style_Wakatoshi,148,91
2025-09-14T00:00:00.000Z,Fours_Gold_Style_Jester,207,130
2025-09-14T00:00:00.000Z,Fours_Bronze_Style_Ohira,120,10
2025-09-14T00:00:00.000Z,Threes_Pro_Style_TeamCaptain,36,26
2025-09-14T00:00:00.000Z,Threes_Gold_Style_Hajime,6,5
2025-09-14T00:00:00.000Z,Sixes_Bronze_Style_Yogan,76,3
2025-09-14T00:00:00.000Z,Sixes_Bronze_Ability_ShieldBreaker,223,22
2025-09-14T00:00:00.000Z,Sixes_Bronze_Ability_SuperSprint,81,4
2025-09-14T00:00:00.000Z,Sixes_Gold_Ability_Moonball,14,8
2025-09-14T00:00:00.000Z,Sixes_Gold_Style_TimeskipShoyo2,25,20
2025-09-14T00:00:00.000Z,Sixes_Pro_Style_Twin2,19,19
2025-09-14T00:00:00.000Z,Sixes_Pro_Style_TimeskipTobio2,10,10
2025-09-14T00:00:00.000Z,Sixes_Silver_Style_TimeskipTobio2,295,265
2025-09-14T00:00:00.000Z,Sixes_Gold_Ability_MagneticPull,62,52
2025-09-14T00:00:00.000Z,Fours_Bronze_Style_Twin1,160,25
2025-09-14T00:00:00.000Z,Twos_Gold_Style_Koshi,52,28
2025-09-14T00:00:00.000Z,Fours_Silver_Style_Kei,63,54
2025-09-14T00:00:00.000Z,Threes_Pro_Style_Yogan,21,14
2025-09-14T00:00:00.000Z,Threes_Diamond_Style_Asahi,4,1
2025-09-14T00:00:00.000Z,Fours_Gold_Style_Mikage,296,213
2025-09-14T00:00:00.000Z,Fours_Pro_Style_TimeskipTobio,104,76
2025-09-14T00:00:00.000Z,Fours_Pro_Ability_RedirectionJump,245,189
2025-09-14T00:00:00.000Z,Sixes_Silver_Ability_Moonball,120,115
2025-09-14T00:00:00.000Z,Sixes_Silver_Style_Hirugami,50,45
2025-09-14T00:00:00.000Z,Sixes_Silver_Ability_CurveSpike,145,134
2025-09-14T00:00:00.000Z,Sixes_Silver_Style_Tetsuro,27,27
2025-09-14T00:00:00.000Z,Sixes_Bronze_Ability_RollingThunder,63,3
2025-09-14T00:00:00.000Z,Sixes_Silver_Style_Asahi,12,11
2025-09-14T00:00:00.000Z,Sixes_Silver_Style_TimeskipTobio,33,30
2025-09-14T00:00:00.000Z,Sixes_Silver_Style_Twin1,22,19
2025-09-14T00:00:00.000Z,Sixes_Silver_Ability_SteelBlock,258,236
2025-09-14T00:00:00.000Z,Sixes_Silver_Ability_TeamSpirit,34,31
2025-09-14T00:00:00.000Z,Sixes_Bronze_Style_Hirugami,53,9
2025-09-14T00:00:00.000Z,Sixes_Silver_Style_Kotaru,94,89
2025-09-14T00:00:00.000Z,Sixes_Silver_Style_Daichi,18,16
2025-09-14T00:00:00.000Z,Sixes_Silver_Style_Kimiro,102,90
2025-09-14T00:00:00.000Z,Sixes_Silver_Ability_ZeroGravitySet,159,145
2025-09-14T00:00:00.000Z,Sixes_Silver_Style_Wakatoshi,60,56
2025-09-14T00:00:00.000Z,Fours_Gold_Style_Taketora,1,0
2025-09-14T00:00:00.000Z,Twos_Diamond_Style_Shoyo,24,12
2025-09-14T00:00:00.000Z,Twos_Gold_Style_Morisuke,153,99
2025-09-14T00:00:00.000Z,Twos_Pro_Style_Koshi,14,5
2025-09-14T00:00:00.000Z,Sixes_Silver_Ability_RedirectionJump,203,187
2025-09-14T00:00:00.000Z,Sixes_Silver_Style_Jester,136,123
2025-09-14T00:00:00.000Z,Fours_Diamond_Style_Twin2,50,32
2025-09-14T00:00:00.000Z,Sixes_Gold_Style_Mikage,40,33
2025-09-14T00:00:00.000Z,Sixes_Bronze_Ability_TeamSpirit,45,1
2025-09-14T00:00:00.000Z,Sixes_Bronze_Style_Tetsuro,36,1
2025-09-14T00:00:00.000Z,Sixes_Silver_Style_Mikage,85,78
2025-09-14T00:00:00.000Z,Sixes_Silver_Style_Morisuke,21,20
2025-09-14T00:00:00.000Z,Fours_Gold_Style_Kotaru,48,26
2025-09-14T00:00:00.000Z,Fours_Gold_Ability_DivineStrength,62,39
2025-09-14T00:00:00.000Z,Threes_Diamond_Ability_Moonball,122,78
2025-09-14T00:00:00.000Z,Fours_Diamond_Ability_FourthTouch,65,49
2025-09-14T00:00:00.000Z,Fours_Diamond_Style_TimeskipToru,10,6
2025-09-14T00:00:00.000Z,Fours_Bronze_Style_Twin2,164,44
2025-09-14T00:00:00.000Z,Twos_Pro_Style_Kotaru,223,151
2025-09-14T00:00:00.000Z,Twos_Pro_Style_Hirugami,21,16
2025-09-14T00:00:00.000Z,Sixes_Bronze_Ability_DivineStrength,69,5
2025-09-14T00:00:00.000Z,Sixes_Pro_Ability_RedirectionJump,55,53
2025-09-14T00:00:00.000Z,Sixes_Bronze_Style_Toru,61,2
2025-09-14T00:00:00.000Z,Sixes_Bronze_Style_Yu,20,0
2025-09-14T00:00:00.000Z,Sixes_Bronze_Style_Kei,20,0
2025-09-14T00:00:00.000Z,Threes_Gold_Style_Lev,6,3
2025-09-14T00:00:00.000Z,Fours_Silver_Style_Shoyo,38,35
2025-09-14T00:00:00.000Z,Sixes_Silver_Ability_SuperSprint,52,51
2025-09-14T00:00:00.000Z,Fours_Silver_Style_Hajime,48,39
2025-09-14T00:00:00.000Z,Fours_Bronze_Style_Ryunosuke,41,4
2025-09-14T00:00:00.000Z,Fours_Silver_Style_Tadashi,16,14
2025-09-14T00:00:00.000Z,Threes_Diamond_Ability_TeamSpirit,58,28
2025-09-14T00:00:00.000Z,Fours_Diamond_Style_Twin1,24,12
2025-09-14T00:00:00.000Z,Fours_Silver_Style_Koshi,22,20
2025-09-14T00:00:00.000Z,Threes_Gold_Style_Shoyo,10,8
2025-09-14T00:00:00.000Z,Twos_Diamond_Style_Koshi,6,4
2025-09-14T00:00:00.000Z,Twos_Pro_Style_Ohira,1,0
2025-09-14T00:00:00.000Z,Threes_Gold_Style_Tetsuro,63,38
2025-09-14T00:00:00.000Z,Threes_Pro_Ability_TeamSpirit,12,4
2025-09-14T00:00:00.000Z,Threes_Pro_Style_TimeskipToru,9,7
2025-09-14T00:00:00.000Z,Fours_Bronze_Style_Koshi,53,7
2025-09-14T00:00:00.000Z,Sixes_Bronze_Style_Kenma,15,2
2025-09-14T00:00:00.000Z,Sixes_Bronze_Style_Hajime,11,0
2025-09-14T00:00:00.000Z,Sixes_Bronze_Style_Rintaro,377,37
2025-09-14T00:00:00.000Z,Twos_Pro_Ability_RollingThunder,131,75
2025-09-14T00:00:00.000Z,Threes_Diamond_Ability_DivineStrength,88,55
2025-09-14T00:00:00.000Z,Twos_Diamond_Style_Lev,3,1
2025-09-14T00:00:00.000Z,Fours_Diamond_Style_TimeskipShoyo2,380,276
2025-09-14T00:00:00.000Z,Twos_Diamond_Style_Tetsuro,65,34
2025-09-14T00:00:00.000Z,Sixes_Silver_Ability_BoomJump,192,178
2025-09-14T00:00:00.000Z,Sixes_Silver_Ability_FourthTouch,140,111
2025-09-14T00:00:00.000Z,Twos_Gold_Style_Shoyo,99,57
2025-09-14T00:00:00.000Z,Sixes_Bronze_Style_Ohira,17,0
2025-09-14T00:00:00.000Z,Sixes_Bronze_Style_Koshi,6,0
2025-09-14T00:00:00.000Z,Sixes_Bronze_Style_Morisuke,39,1
2025-09-14T00:00:00.000Z,Sixes_Bronze_Ability_Moonball,163,3
2025-09-14T00:00:00.000Z,Threes_Diamond_Style_Kimiro,58,38
2025-09-14T00:00:00.000Z,Twos_Diamond_Style_Tadashi,6,4
2025-09-14T00:00:00.000Z,Sixes_Pro_Style_Hirugami,5,5
2025-09-14T00:00:00.000Z,Sixes_Diamond_Style_Mikage,14,14
2025-09-14T00:00:00.000Z,Sixes_Diamond_Style_TimeskipShoyo2,41,41
2025-09-14T00:00:00.000Z,Sixes_Diamond_Ability_BoomJump,11,11
2025-09-14T00:00:00.000Z,Threes_Diamond_Style_Kazana,104,52
2025-09-14T00:00:00.000Z,Fours_Diamond_Ability_SteelBlock,83,70
2025-09-14T00:00:00.000Z,Fours_Diamond_Style_TimeskipTobio,117,88
2025-09-14T00:00:00.000Z,Sixes_Bronze_Style_Shoyo,15,0
2025-09-14T00:00:00.000Z,Sixes_Bronze_Style_Tadashi,4,0
2025-09-14T00:00:00.000Z,Fours_Pro_Style_Twin2,13,11
2025-09-14T00:00:00.000Z,Fours_Pro_Style_Kimiro,2,2
2025-09-14T00:00:00.000Z,Fours_Pro_Ability_BoomJump,100,82
2025-09-14T00:00:00.000Z,Threes_Gold_Style_Yu,20,10
2025-09-14T00:00:00.000Z,Sixes_Diamond_Ability_TeamSpirit,4,4
2025-09-14T00:00:00.000Z,Sixes_Pro_Style_TimeskipShoyo,13,13
2025-09-14T00:00:00.000Z,Fours_Pro_Style_TeamCaptain,20,16
2025-09-14T00:00:00.000Z,Sixes_Silver_Style_Toru,39,35
2025-09-14T00:00:00.000Z,Sixes_Silver_Style_Ohira,8,7
2025-09-14T00:00:00.000Z,Fours_Diamond_Ability_ZeroGravitySet,31,20
2025-09-14T00:00:00.000Z,Fours_Diamond_Ability_BoomJump,103,78
2025-09-14T00:00:00.000Z,Threes_Pro_Ability_Moonball,24,18
2025-09-14T00:00:00.000Z,Sixes_Bronze_Style_TimeskipToru,4,0
2025-09-14T00:00:00.000Z,Sixes_Silver_Ability_RollingThunder,44,41
2025-09-14T00:00:00.000Z,Sixes_Silver_Style_Tobio,40,37
2025-09-14T00:00:00.000Z,Twos_Gold_Style_Lev,19,9
2025-09-14T00:00:00.000Z,Sixes_Silver_Style_Taketora,9,9
2025-09-14T00:00:00.000Z,Twos_Diamond_Style_Shinsuke,2,2
2025-09-14T00:00:00.000Z,Fours_Diamond_Ability_TeamSpirit,6,5
2025-09-14T00:00:00.000Z,Fours_Diamond_Style_Ryunosuke,1,1
2025-09-14T00:00:00.000Z,Sixes_Silver_Style_Twin2,37,35
2025-09-14T00:00:00.000Z,Threes_Pro_Style_Kotaru,1,1
2025-09-14T00:00:00.000Z,Twos_Pro_Style_Yu,1,0
2025-09-14T00:00:00.000Z,Fours_Pro_Ability_FourthTouch,26,19
2025-09-14T00:00:00.000Z,Fours_Diamond_Style_Jester,37,26
2025-09-14T00:00:00.000Z,Sixes_Silver_Style_Kenma,11,10
2025-09-14T00:00:00.000Z,Sixes_Bronze_Style_TeamCaptain,20,2
2025-09-14T00:00:00.000Z,Fours_Diamond_Style_Yogan,34,25
2025-09-14T00:00:00.000Z,Fours_Diamond_Style_Kazana,20,12
2025-09-14T00:00:00.000Z,Sixes_Silver_Style_Lev,6,6
2025-09-14T00:00:00.000Z,Twos_Pro_Style_Asahi,13,8
2025-09-14T00:00:00.000Z,Sixes_Pro_Style_Rintaro,26,25
2025-09-14T00:00:00.000Z,Sixes_Diamond_Ability_RedirectionJump,11,11
2025-09-14T00:00:00.000Z,Sixes_Gold_Ability_ShieldBreaker,66,52
2025-09-14T00:00:00.000Z,Sixes_Gold_Style_TimeskipTobio2,28,19
2025-09-14T00:00:00.000Z,Threes_Gold_Style_Daichi,21,11
2025-09-14T00:00:00.000Z,Twos_Diamond_Style_Taketora,18,10
2025-09-14T00:00:00.000Z,Threes_Pro_Style_Jester,45,30
2025-09-14T00:00:00.000Z,Threes_Diamond_Style_Tetsuro,2,1
2025-09-14T00:00:00.000Z,Fours_Pro_Style_Yogan,11,10
2025-09-14T00:00:00.000Z,Sixes_Gold_Style_Rintaro,67,55
2025-09-14T00:00:00.000Z,Sixes_Gold_Ability_RedirectionJump,29,25
2025-09-14T00:00:00.000Z,Sixes_Gold_Style_Morisuke,6,6
2025-09-14T00:00:00.000Z,Sixes_Gold_Ability_SteelBlock,7,5
2025-09-14T00:00:00.000Z,Sixes_Bronze_Style_TimeskipTobio,21,1
2025-09-14T00:00:00.000Z,Threes_Pro_Ability_CurveSpike,45,32
2025-09-14T00:00:00.000Z,Sixes_Bronze_Ability_FourthTouch,120,13
2025-09-14T00:00:00.000Z,Sixes_Bronze_Style_Kazana,24,1
2025-09-14T00:00:00.000Z,Threes_Gold_Style_Kenma,7,3
2025-09-14T00:00:00.000Z,Fours_Pro_Ability_Moonball,8,4
2025-09-14T00:00:00.000Z,Sixes_Silver_Style_TimeskipToru,10,10
2025-09-14T00:00:00.000Z,Twos_Pro_Style_Tobio,66,39
2025-09-14T00:00:00.000Z,Twos_Diamond_Style_Hajime,11,6
2025-09-14T00:00:00.000Z,Threes_Diamond_Style_Tobio,45,23
2025-09-14T00:00:00.000Z,Sixes_Bronze_Style_Asahi,34,1
2025-09-14T00:00:00.000Z,Sixes_Silver_Style_Tadashi,5,5
2025-09-14T00:00:00.000Z,Fours_Silver_Style_Shinsuke,15,12
2025-09-14T00:00:00.000Z,Fours_Gold_Style_Shinsuke,1,0
2025-09-14T00:00:00.000Z,Fours_Gold_Style_TimeskipToru,46,35
2025-09-14T00:00:00.000Z,Threes_Gold_Style_Morisuke,30,19
2025-09-14T00:00:00.000Z,Fours_Gold_Ability_RollingThunder,22,18
2025-09-14T00:00:00.000Z,Threes_Pro_Ability_SuperSprint,45,27
2025-09-14T00:00:00.000Z,Fours_Pro_Ability_CurveSpike,59,54
2025-09-14T00:00:00.000Z,Fours_Pro_Ability_SuperSprint,27,20
2025-09-14T00:00:00.000Z,Sixes_Bronze_Style_Mikage,45,3
2025-09-14T00:00:00.000Z,Sixes_Silver_Style_TimeskipShoyo,24,23
2025-09-14T00:00:00.000Z,Sixes_Silver_Style_Kei,7,7
2025-09-14T00:00:00.000Z,Sixes_Bronze_Style_Lev,15,0
2025-09-14T00:00:00.000Z,Fours_Gold_Style_Shoyo,6,4
2025-09-14T00:00:00.000Z,Fours_Diamond_Ability_SuperSprint,34,26
2025-09-14T00:00:00.000Z,Twos_Diamond_Style_Kenma,39,19
2025-09-14T00:00:00.000Z,Sixes_Gold_Ability_FourthTouch,21,17
2025-09-14T00:00:00.000Z,Threes_Diamond_Style_Hajime,2,1
2025-09-14T00:00:00.000Z,Twos_Bronze_Ability_,10,1
2025-09-14T00:00:00.000Z,Twos_Diamond_Style_Yu,16,10
2025-09-14T00:00:00.000Z,Sixes_Silver_Style_Kazana,46,38
2025-09-14T00:00:00.000Z,Fours_Pro_Ability_SteelBlock,45,37
2025-09-14T00:00:00.000Z,Fours_Pro_Style_Jester,11,8
2025-09-14T00:00:00.000Z,Threes_Diamond_Style_Toru,6,2
2025-09-14T00:00:00.000Z,Fours_Diamond_Ability_Moonball,8,5
2025-09-14T00:00:00.000Z,Sixes_Silver_Style_Yu,6,6
2025-09-14T00:00:00.000Z,Fours_Gold_Style_Tetsuro,3,2
2025-09-14T00:00:00.000Z,Threes_Pro_Style_Toru,1,0
2025-09-14T00:00:00.000Z,Twos_Diamond_Style_Daichi,18,10
2025-09-14T00:00:00.000Z,Twos_Gold_Style_Shinsuke,15,6
2025-09-14T00:00:00.000Z,Fours_Bronze_Ability_,5,0
2025-09-14T00:00:00.000Z,Fours_Pro_Style_TimeskipShoyo,47,38
2025-09-14T00:00:00.000Z,Sixes_Bronze_Style_TimeskipShoyo,7,4
2025-09-14T00:00:00.000Z,Threes_Pro_Ability_RollingThunder,7,5
2025-09-14T00:00:00.000Z,Sixes_Silver_Style_TeamCaptain,32,29
2025-09-14T00:00:00.000Z,Fours_Pro_Style_Hirugami,27,27
2025-09-14T00:00:00.000Z,Twos_Gold_Style_Tadashi,15,6
2025-09-14T00:00:00.000Z,Fours_Gold_Style_Asahi,1,0
2025-09-14T00:00:00.000Z,Sixes_Silver_Style_Hajime,5,5
2025-09-14T00:00:00.000Z,Fours_Diamond_Style_TeamCaptain,20,14
2025-09-14T00:00:00.000Z,Fours_Pro_Style_TimeskipToru,4,2
2025-09-14T00:00:00.000Z,Sixes_Bronze_Style_Shinsuke,5,1
2025-09-14T00:00:00.000Z,Threes_Gold_Style_Koshi,5,3
2025-09-14T00:00:00.000Z,Threes_Gold_Style_Shinsuke,3,1
2025-09-14T00:00:00.000Z,Fours_Diamond_Ability_RollingThunder,17,16
2025-09-14T00:00:00.000Z,Sixes_Pro_Style_Mikage,37,37
2025-09-14T00:00:00.000Z,Fours_Gold_Style_Toru,6,4
2025-09-14T00:00:00.000Z,Sixes_Pro_Style_TimeskipTobio,30,29
2025-09-14T00:00:00.000Z,Sixes_Diamond_Ability_ShieldBreaker,38,37
2025-09-14T00:00:00.000Z,Sixes_Gold_Style_TimeskipShoyo,3,3
2025-09-14T00:00:00.000Z,Fours_Gold_Style_Morisuke,5,2
2025-09-14T00:00:00.000Z,Sixes_Gold_Style_Kazana,11,6
2025-09-14T00:00:00.000Z,Sixes_Pro_Style_Yogan,4,4
2025-09-14T00:00:00.000Z,Sixes_Gold_Style_Jester,6,5
2025-09-14T00:00:00.000Z,Sixes_Gold_Style_TimeskipTobio,14,11
2025-09-14T00:00:00.000Z,Fours_Pro_Style_Kotaru,3,3
2025-09-14T00:00:00.000Z,Sixes_Silver_Style_Koshi,4,4
2025-09-14T00:00:00.000Z,Threes_Diamond_Style_Wakatoshi,18,12
2025-09-14T00:00:00.000Z,Sixes_Bronze_Style_Twin2,25,0
2025-09-14T00:00:00.000Z,Sixes_Pro_Style_Ohira,1,1
2025-09-14T00:00:00.000Z,Threes_Pro_Style_Kimiro,4,2
2025-09-14T00:00:00.000Z,Fours_Gold_Style_Kenma,1,0
2025-09-14T00:00:00.000Z,Sixes_Pro_Ability_CurveSpike,21,20
2025-09-14T00:00:00.000Z,Sixes_Bronze_Style_Twin1,14,2
2025-09-14T00:00:00.000Z,Fours_Pro_Ability_DivineStrength,1,0
2025-09-14T00:00:00.000Z,Fours_Gold_Style_Tobio,11,4
2025-09-14T00:00:00.000Z,Fours_Diamond_Style_Wakatoshi,3,3
2025-09-14T00:00:00.000Z,Sixes_Gold_Ability_BoomJump,11,8
2025-09-14T00:00:00.000Z,Sixes_Diamond_Style_TimeskipTobio2,4,3
2025-09-14T00:00:00.000Z,Sixes_Silver_Style_Ryunosuke,2,2
2025-09-14T00:00:00.000Z,Fours_Gold_Style_Lev,3,2
2025-09-14T00:00:00.000Z,Fours_Pro_Style_Wakatoshi,4,4
2025-09-14T00:00:00.000Z,Fours_Diamond_Style_Hirugami,12,11
2025-09-14T00:00:00.000Z,Twos_Pro_Style_Lev,1,1
2025-09-14T00:00:00.000Z,Twos_Silver_Ability_,2,2
2025-09-14T00:00:00.000Z,Threes_Gold_Style_Taketora,6,4
2025-09-14T00:00:00.000Z,Sixes_Gold_Style_TimeskipToru,2,2
2025-09-14T00:00:00.000Z,Sixes_Diamond_Ability_SuperSprint,1,1
2025-09-14T00:00:00.000Z,Sixes_Pro_Ability_MagneticPull,25,24
2025-09-14T00:00:00.000Z,Threes_Pro_Style_Hirugami,9,6
2025-09-14T00:00:00.000Z,Sixes_Silver_Style_Shoyo,5,4
2025-09-14T00:00:00.000Z,Sixes_Diamond_Style_TeamCaptain,2,2
2025-09-14T00:00:00.000Z,Sixes_Diamond_Ability_FourthTouch,2,2
2025-09-14T00:00:00.000Z,Twos_Pro_Style_Kei,1,1
2025-09-14T00:00:00.000Z,Sixes_Diamond_Ability_ZeroGravitySet,5,5
2025-09-14T00:00:00.000Z,Fours_Gold_Style_Yu,2,2
2025-09-14T00:00:00.000Z,Twos_Pro_Style_Shinsuke,2,2
2025-09-14T00:00:00.000Z,Fours_Gold_Style_Kei,2,2
2025-09-14T00:00:00.000Z,Sixes_Silver_Style_Shinsuke,3,3
2025-09-14T00:00:00.000Z,Sixes_Gold_Style_Twin2,4,4
2025-09-14T00:00:00.000Z,Fours_Pro_Ability_RollingThunder,3,2
2025-09-14T00:00:00.000Z,Twos_Pro_Style_Shoyo,2,1
2025-09-14T00:00:00.000Z,Sixes_Bronze_Style_Ryunosuke,1,0
2025-09-14T00:00:00.000Z,Fours_Pro_Ability_ZeroGravitySet,2,1
2025-09-14T00:00:00.000Z,Sixes_Diamond_Style_Jester,1,1
2025-09-14T00:00:00.000Z,Sixes_Gold_Ability_ZeroGravitySet,1,1
2025-09-14T00:00:00.000Z,Sixes_Gold_Ability_CurveSpike,2,2
2025-09-14T00:00:00.000Z,Sixes_Gold_Style_Yogan,4,3
2025-09-14T00:00:00.000Z,Twos_Pro_Style_Kenma,1,0
2025-09-14T00:00:00.000Z,Sixes_Gold_Ability_RollingThunder,1,0
2025-09-14T00:00:00.000Z,Sixes_Gold_Style_Kimiro,1,0
2025-09-14T00:00:00.000Z,Fours_Diamond_Ability_DivineStrength,1,0
2025-09-14T00:00:00.000Z,Threes_Diamond_Style_Kenma,2,1
2025-09-14T00:00:00.000Z,Sixes_Gold_Style_Hirugami,5,5
2025-09-14T00:00:00.000Z,Threes_Diamond_Style_Kei,2,1
2025-09-14T00:00:00.000Z,Sixes_Diamond_Ability_CurveSpike,1,1
2025-09-14T00:00:00.000Z,Twos_Pro_Style_Hajime,1,0
2025-09-14T00:00:00.000Z,Fours_Diamond_Style_Asahi,1,1
2025-09-14T00:00:00.000Z,Fours_Diamond_Style_Ohira,1,1
2025-09-14T00:00:00.000Z,Sixes_Pro_Style_Kazana,5,5
2025-09-14T00:00:00.000Z,Twos_Pro_Style_Ryunosuke,1,0
2025-09-14T00:00:00.000Z,Fours_Gold_Style_Daichi,2,2
2025-09-14T00:00:00.000Z,Sixes_Diamond_Style_TimeskipShoyo,4,4
2025-09-14T00:00:00.000Z,Sixes_Diamond_Style_TimeskipToru,1,1
2025-09-14T00:00:00.000Z,Fours_Diamond_Style_Kei,2,1
2025-09-14T00:00:00.000Z,Sixes_Diamond_Style_Tetsuro,1,1
2025-09-14T00:00:00.000Z,Sixes_Gold_Ability_SuperSprint,2,2
2025-09-14T00:00:00.000Z,Threes_Gold_Style_Tadashi,1,0